geneID	gene_name	JMD1	JMD_TKD1	JMD2	JMD_TKD2	JMD3	JMD4	JMD5	JMD_TKD3	TKD1	TKD2	JMD6	JMD7	JMD8	JMD_TKD4
25	ABL1	-0.0027492461486729055	0.3265107236934331	0.14396837744328572	0.09489569447794327	0.04030210058792038	0.40386435237410107	0.27392017271400504	-0.19830391796090668	0.1524404103861329	0.1085972323793847	0.062051819238670036	-0.07533027124805369	0.08061403595594928	0.13751215101261835
65057	ACD	-0.24908921130521633	-0.09763133147351917	-0.11832104879747095	-0.2938419727249573	-0.44125368359553213	-0.034082073960863275	-0.21031405580409546	-0.6345130713307343	-0.2939470653517297	-0.720680001830635	-0.39673529584164013	-0.38443445080761074	-0.5647273271125797	-1.0579672505817657
207	AKT1	1.00941836181489	1.1038385445864067	1.0305550025162784	1.0591544972376172	1.0560319937508864	1.2519798894514969	0.8232297836008127	0.8040308807015331	0.6747109062004987	0.906409040062174	0.867273961047867	1.1197307113104682	1.1209980501351589	0.8178229051130322
208	AKT2	-0.7813770247738332	-0.3003528848355047	-0.6830147515275381	-0.7479312308731613	-0.8837561417506512	-0.46584765231530495	-0.5949133776433811	-0.92648498814525	-0.7556687860730347	-0.8284601223118279	-0.8480388664157112	-0.9095469051308874	-0.6906900474928829	-0.9758319615995962
22852	ANKRD26	-0.18964684879682664	0.14696361459167415	-0.08640368361835452	-0.027255737976410684	0.09545198875472621	0.107932593516727	0.35528671285864566	-0.19439171772780214	-0.11178426430739007	-0.04658299059524573	-0.13570907743437435	-0.08077566483111612	-0.2766396173105554	-0.5719297748016368
369	ARAF	0.4773438815059026	0.5208069324852104	0.5586910074472307	0.4991927917992245	0.43536364617609324	0.6787225070367452	0.4224400465158826	0.3740729607739849	0.21052022659056155	0.5003959572172315	0.4749928481878966	0.4859482264609076	0.5215881862930567	0.476419504184071
8289	ARID1A	1.1012047475193174	1.0280873185178567	1.1197278854808939	1.030613980674974	1.2762488451384102	0.8854921742957415	0.9537776762614939	1.1791034809557353	1.2366407519048463	1.2881792326062287	1.2717856312865579	1.31102907265468	1.0716027433870612	1.0372013796317126
57492	ARID1B	1.1320264845264898	0.8568146330500874	1.0967409053005124	0.8765905300597749	1.1013151387861178	0.5659631115055458	0.9105254806422131	0.834946240764943	1.0951529893975176	1.082440114205922	1.0782722040004171	1.1516257732750241	0.7753003611181654	0.6981654904309348
196528	ARID2	0.6974857073042829	0.7013399817481174	0.4923272075824395	0.775299303964744	0.8131139276772676	0.602790020815656	0.8203251207517892	0.519957811358122	0.7439144475185966	0.7708426609517547	0.7016317670423144	0.8398365350200604	0.42694087821617177	0.8897170260638806
171023	ASXL1	0.350860516926509	0.45968165835689134	0.45758709733645275	0.26540442104591383	0.26419123413602585	0.18604057186789685	0.34401177263963695	0.2114322561118997	0.39760817726025666	0.4937342911671573	0.3110033710774688	0.4425279682576519	0.2274147056207153	0.4531710387578966
55252	ASXL2	0.5248533541922066	0.5063356992955268	0.5131101652650202	0.47337149849037524	0.7119455467680526	0.3864957812671888	0.5212129030037239	0.4065798811939437	0.5451636468832947	0.7283033430226565	0.6301814481936613	0.7332612732145054	0.4345231021400837	0.021424415145495115
472	ATM	1.0509147662119522	0.7036835691696985	0.6607506081807328	1.2558711720432607	1.4409224033185866	1.4837725975633407	0.9697756277553999	1.6267168880748375	1.1522784080909754	1.0423729093763692	1.2157951928443758	1.1498958239044286	1.1062794447216524	0.7124872254424659
546	ATRX	1.3198255634198828	1.125716566772197	1.281976186760825	1.1661272104601808	1.4611826911752839	1.0854356128406104	1.2435781273609072	1.2773979806920868	1.3836640058082723	1.4615795856526177	1.3241350706908943	1.308092679630031	1.0517634705717402	0.8945207787747034
567	B2M	1.251521710851979	1.262383293403504	1.016751006169078	1.4462764354833988	1.1886013896544527	0.6796585548622516	1.288027421448599	1.6896854075729857	1.2695062533372268	0.9868106863807274	1.13329771478855	1.0047654478105223	1.4751504875945007	1.2512484074603614
85319	BAGE2	-1.5720800270303639	-1.2765706435314554	-1.3342808222673637	-1.2592199304274128	-1.1734675610731347	0.14030659556498698	-1.57234342744568	-1.978890911313406	-1.820453098068063	-1.008913418949105	-1.3426610664710015	-1.2655746465525304	-0.6559448095119634	-0.6667243582930613
8915	BCL10	-0.6891402443748962	-0.5139902701069413	-0.9770799859095552	-0.7577980842276836	-0.7304275115945746	-1.4727711340167218	-0.41645740403983406	-1.1421144395157752	-0.8871408407762744	-0.6744404645337087	-0.6878784279699791	-0.7752429731424336	-1.065951902909456	-0.7743237311098636
596	BCL2	-0.4411703789751055	0.13884509519815202	-0.1621718496774733	-0.4168795069774248	-0.23865068957818764	-1.402132707126622	-0.011765973700735934	-0.5879456571942094	-0.04861922005742141	-0.19431185712819607	-0.3629580649576616	-0.20610034143999353	-1.20487370794677	-1.1963245328233234
604	BCL6	0.4595019717314836	-1.0096544773551503	-0.5930020697655353	0.7107328137153964	0.2595917454394727	0.939556985084854	-0.46472246224823066	0.7196312107142184	-0.6137589796960677	0.4535730393936132	0.3196495141516666	0.7451310562616497	0.7871445400751915	0.39706314701596435
605	BCL7A	-1.4990942493807176	-0.7389940594139366	-0.26492523320988137	-0.9485591858989963	-1.274013554092451	-1.3254681617779067	-0.6844138573622941	-1.2522623262996815	-0.6708012183725965	-0.7448463901454142	-1.129478526486408	-0.9186247841211214	-1.0758066930274728	-0.7827446075547074
54880	BCOR	0.6181408086782586	0.32340979883995813	0.6402638895486471	0.5556113786972205	0.7008733083033203	0.3388322219292828	0.47572263737113757	0.31550894700311805	0.5073668828488909	0.7243838788290025	0.5127452448268653	0.5084856704830429	0.30488171379724727	0.7956926162861812
63035	BCORL1	-0.471436274306985	-0.19778918101872486	-0.4754987057294124	-0.2871858246554099	-0.2351191695328614	-0.06599751410130521	-0.29674088555413836	-0.6242456726622931	-0.3775552360569949	-0.020476317993602187	-0.3475861378755048	-0.038200738036765984	-0.22996651567872595	-0.4229804481651764
329	BIRC2	0.044865020376634625	0.01261315157427726	-0.08821849569160566	0.22366654055053806	0.09770158191674426	-0.10692060749030995	0.26861481854828767	-0.026949802303624336	-0.2195880590139666	0.049673996602904766	-0.047849333797534	-0.01937605529456206	-0.13440601422442838	-0.17198323048873887
330	BIRC3	-0.01865158592950352	-1.1556746629714434	-1.229439997193886	-0.3263041658783187	-0.10438735983977192	-0.8744551818080399	-0.4969619618398954	-0.5922900669315202	-0.9908492694239076	-0.6602531336264447	-0.30466192507754747	-0.45462495872937314	-0.8902834701315003	0.07359797680591054
641	BLM	0.19511249197075112	0.4557604465598593	0.21688365812711236	0.4833672944985165	-0.005562470727015478	0.13268921489894683	0.5257466539546444	0.1115564394029893	0.36334982859408843	-0.015456069679924758	0.1644814451355823	0.1526067683137903	0.08227080517381155	-0.09636027668354091
673	BRAF	-0.07153242019952452	0.06315132173884877	-0.027946274585050123	0.1116811178315777	0.16515593021415456	-0.35854696074389436	0.0676040948751898	-0.10615094016312865	-0.5592626852680831	0.06790147735646507	-0.01879224484267475	0.03822816491127245	-0.18531574203325937	0.14279308266571727
694	BTG1	-0.17983163955307732	-0.4633630437328595	-0.45856429527973114	-0.027869239228917927	0.4155145935760784	-0.3909116011583361	-0.4031979965577333	0.2553483023146199	-0.4650433791669443	-0.26774600359271566	0.0939901136721138	0.02214956395071898	-0.37662536679671405	0.02731806126059496
7832	BTG2	-1.5022652723483796	-1.575740167744822	-1.6798629751679806	-1.3691129940380702	-0.9325981931701619	-1.1037527526170197	-1.3811041052614752	-0.8687194210538242	-1.515903445223899	-1.2479050578638602	-1.1670007891004406	-1.2485242266325913	-0.7830909393964894	-1.0622989974391248
695	BTK	1.3812636567329233	1.2940728038746196	1.407486354878872	1.2821273055663533	1.303774522685222	1.1332041442789662	1.4341562685970977	1.0963942127692465	1.2625858721125691	1.368389218569898	1.351191730158886	1.1853228814446128	1.1470278098777291	0.7503658611183169
811	CALR	1.762220156112537	2.165059112501276	1.7964756402073128	1.9151902080149295	2.03470131495775	1.3869962623406582	1.74653916220967	2.0537669705339785	1.7483758688503483	1.2037271396971359	1.5588467174534162	1.5749307142836715	1.9030600776267237	1.8566729723797522
84433	CARD11	0.12314385953622929	-0.6362147116828546	0.06406598125638856	4.744205361704024e-4	0.5531379005440658	-0.5383903909318258	0.21157580960681838	0.3642850371121547	0.44193326669226024	0.42209552808260337	0.40136104418613344	-0.5159590930599347	0.15283285297808238	0.5305979477406351
841	CASP8	0.22228666459605	0.3106761478361562	0.12815304349519	0.46383106426517334	0.23428576952364746	0.5034735785878556	0.39467272823937577	0.13890721832132705	-0.09237344154590534	0.2355487548618632	0.1258125711278566	0.27132660893019145	0.23213565120391555	0.6270547552034985
865	CBFB	0.3196964515490943	0.5354693448242421	0.5378559228933182	0.5821631716275715	0.1666947700281047	0.5584603733076456	0.34966582576574134	0.2971352356161347	0.42648294788733104	0.17490308770700114	0.17648813135525213	0.35091281349134334	0.49010278200151886	0.33208668780154466
867	CBL	0.4109341735375312	0.5158226098735303	0.4921824365492365	0.5491090798032073	0.4697144939807453	0.8586502194530566	0.45428580737141566	0.5257335640451093	0.5723556969911234	0.8007836497857828	0.6090814782569259	0.7010504094309916	0.8204197274092889	0.7442966063373474
896	CCND3	0.4187896794814713	0.3128783563329402	0.32396016442788106	0.5853504711629637	0.2843207338289254	0.36718989836374644	0.3891754162282889	0.38388359197324334	0.0014070574973529945	0.2784649784669987	0.3151033743761665	0.502633828057622	0.658333600351464	0.11357516952083785
898	CCNE1	-1.1397660315697524	-0.3436080220504923	-0.9156716761409026	-0.4401894169989389	-1.610635865217894	-0.7919325646328766	-0.39005267769017876	-0.46375764195461877	-0.6611380035059738	-1.5070820232070468	-1.3386651091209218	-1.072250585976443	-1.0476727074997434	-1.3448538208112923
933	CD22	-0.4655528219295427	-2.6321659133631967	-1.007146418716072	-1.30410683122844	-1.0056621810652655	-1.1123794197051662	-1.3936252432579754	-2.1946083687385944	-1.8154721305842563	-1.6997291046394487	-1.422215999407978	-1.109072278074096	-1.082464599376097	-0.9163742268734343
965	CD58	-0.22485312810627223	0.16587896072694167	-0.08461991907200353	-0.07301741115388351	-0.3262577467548325	-0.09438409523931217	-0.2546895645654156	-0.26522776363602885	-0.4352915533703278	-0.2708261763297552	-0.3009067617954891	-0.12212739738075738	-0.14870191164054908	-0.024366044813777483
973	CD79A	-0.03194712893268525	-1.962683896539045	-0.6959832960840966	-0.8803343309108442	-0.7433592191689107	-1.8808101734445541	-1.178731511157175	-1.7549617921743523	-0.7994814260046355	-0.7330241480134689	-1.4662452923425442	-0.6998424316989169	-1.2231729868203085	-0.8790431801660316
974	CD79B	0.16542503071177053	-0.6081146606001209	0.0929794922581193	-0.5143816729354445	-0.4187931157249094	-0.7157647213298263	0.24029699399607551	-0.7721690565204116	-0.017987922220294914	-0.24972079754881346	-0.33892936331579054	-0.23513939631714198	-0.17019096028359096	0.22550480819079757
9308	CD83	-1.59917794765456	-1.2155550554741927	-1.9216353983240062	-1.2180657109863315	-1.4698848642478	-1.547309177214128	-0.8699086605155264	-1.2165660802125593	-1.7901145535377905	-1.9422574790686888	-1.7355127887145034	-1.848787487048623	-0.7797627950763805	-0.4668656510780474
1019	CDK4	0.1305892464558644	0.5957865329377098	0.2731720694291083	0.300150155266973	-0.035522655363525106	0.5106604114486087	0.48730244399939865	0.09294786667878967	0.32652835887485787	-0.1273332420845703	-0.034376596763979875	-0.09600786334102136	0.3509541162077473	-0.3906111570423567
1021	CDK6	0.022782565958177934	0.6292119291522892	0.24294445124944988	0.28679331327021673	0.1599072276078465	-0.5858194983917565	0.39611883185478003	-0.24943801358020076	0.2183801369353615	0.12673474814015956	9.247083642776414e-4	-0.33138598654679235	-0.3956921492375187	-0.11021624971446975
1027	CDKN1B	-0.7382742574726366	-0.7480554386789768	-0.7690122492142204	-0.7481441639069025	-0.5563862276699698	-0.7177261568365503	-0.5570077831555702	-0.3000710216721478	-0.6384242379911175	-0.7817558683578136	-0.6825668744202215	-0.7889056942427202	-0.9267487043050746	-0.5869723232991151
1031	CDKN2C	-1.3926189782792422	-0.7143997163662866	-0.4188416284201764	-1.0216994157101633	-1.5627484670194103	-1.0139975594038582	-1.3934108749991518	-1.405899887633823	-1.4574535109681346	-0.9676013089726501	-1.8891128212180053	-1.730145142205112	-1.180581052859444	-2.722113137116564
1050	CEBPA	-0.736641896195814	-0.47010102814190763	-0.5295021571091704	-0.6938383304113389	-0.6576587805237639	-0.48623677934078074	-0.47651238157409687	-0.7959518635545674	-0.8572446799871638	-0.8372249942125266	-0.7030831245268846	-0.5784301399198927	-0.7633077368586922	-1.070831429750629
11200	CHEK2	-0.2662261208930454	0.0588750254278298	-0.16616798877645467	-0.32540666058818846	-0.31594665811087613	-0.3014920866156217	0.18530091333549695	-0.3872131681168802	-0.07346620343279023	-0.3892991883942729	-0.400897427087577	-0.47087360151367114	-0.29601216230066885	-0.925651607015197
4261	CIITA	0.5751515069195804	0.09926770262930619	0.9956536744167339	-0.358182873646833	0.0952368984822419	1.3402667248749174	0.46514441983166377	0.0473975783796566	1.2461569101993695	0.9311073339654713	0.7548233174846251	0.9414660962400964	1.1261866422594125	1.0236601741045155
4849	CNOT3	0.4653038780694476	0.4404348972896743	0.6583618581118201	0.4027566832432327	0.5291937559622029	0.6867014801411429	0.30480230602599745	0.37319448769105995	0.4220246869335858	0.6105661144531529	0.49411928911056824	0.543327782401077	0.4968340086212646	0.6114584434236764
51185	CRBN	0.5873529762048576	0.7190499067491125	0.5695998576024981	0.5599771512735677	0.5520855777237202	0.12709399909257738	0.6987986340086717	0.35112488617891585	0.4333490657893257	0.7220609380239252	0.41475627833075496	0.4636767612008259	0.06792427691835622	0.8047747588314279
1387	CREBBP	1.225162382976233	1.0982349595343164	1.1322600174431168	0.9431149838031294	1.3539342137716242	1.153297238794305	0.8763596147367781	1.404052738224072	1.2658382999536748	1.4935030422975788	1.4069559898702164	1.4684426783748885	1.1722134248937521	1.5227031864619118
1436	CSF1R	0.7145447925978551	0.877799966573857	1.1342097534998636	-0.03163406805311304	0.70334897399761	1.667626525151197	0.8630546105853223	0.8235170369232582	1.8081110357994112	1.3457413794123168	1.6514490272827274	0.5449203641229581	1.5585537899182567	0.38420977607805934
1441	CSF3R	1.1272930807063126	1.465263461997674	0.9443916687117961	1.0464964522932	0.9571500937238723	1.8521394944789082	0.8190950765022291	1.3333043381793404	1.0413378390839745	1.1944601434688114	1.1053148076631039	1.3966970173021362	1.6455886430144848	0.7919191948165006
10664	CTCF	0.6017203253926436	0.5381540223137804	0.6326152898291167	0.512745976062081	0.5123932904573046	0.28023756724505633	0.5726997272975706	0.5082224272563102	0.5997380010242946	0.5758223122916779	0.47736823591761945	0.4747997034421102	0.3455011540344779	0.4137928724218694
1499	CTNNB1	0.9479311381904371	1.0015686829626982	0.9918107257547801	1.0964964048578845	0.954123225693726	0.8399740388912352	1.126721925054721	0.8773157517591609	1.0527319369988535	0.9273445990253381	0.905287325286896	0.9396733401466023	0.989440995129598	1.4704340674012308
5476	CTSA	-1.5556355696610178	-1.3709210979601403	-1.4580132316196248	-1.5774613501493056	-1.7189245495163874	-1.5091655073114674	-1.3137336864461167	-2.078925443095277	-2.430624927707686	-1.6323064060699886	-1.64082869725905	-1.7069303913465068	-1.8034323582596838	-2.593988278432632
1523	CUX1	0.8080714059746558	0.8601634346403779	0.9325009037054227	0.8769159758665798	0.9084138746350461	1.1702519621817273	0.7638740291589461	0.7881237102852731	0.8301226009434999	1.0059938464977551	0.9340515310884369	0.9510782972876256	0.9912642423634049	0.8494091035412609
7852	CXCR4	-0.350042073350052	-0.12510949476266636	-0.10876535952810955	0.011981760946679134	0.1475743117717926	-0.630582104196716	-0.32759102630244846	0.3255207551054068	0.2610572495434509	-0.3855893775266434	0.2989167579594007	0.07801944197852961	-0.3283317854614627	0.3349244725635554
1540	CYLD	0.5026778219630157	0.388031527978765	0.5061089873648937	0.5712037946576428	0.6271126198103734	0.36081033018694614	0.597996610908377	0.5340174853284286	0.48397485973396864	0.5520495091641053	0.41080923206985825	0.419298137210872	0.3681629172464567	1.1680134126388417
1654	DDX3X	1.4619287095523872	1.3420054150134328	1.4928929798204518	1.6098322187430463	1.2448642940312158	1.0899523920617187	1.329025812806823	1.3793277731969147	1.2589391921369093	1.251365310503507	1.360153205832715	1.46997678195472	1.3206063789255669	1.3068280362990279
51428	DDX41	0.9141247465857082	0.8710159061053568	1.0754468828340895	0.7963573869432412	0.8028602717105485	1.0046106380313145	0.6980966483717649	0.6068852415412173	0.5327768060143274	0.7656244573314982	0.8202204351234316	0.8187247049956357	0.8922259463564445	0.49191918711181604
22894	DIS3	0.9375690537172675	0.9555001625093187	1.0473798628485347	0.9786381539583512	0.944886098072863	0.6489905709564474	1.0619062407166409	0.6826091155839685	1.1558118321707083	0.8839391833267373	0.9128104092815662	0.8841711904243159	0.6068696875752946	1.0302083551456305
1788	DNMT3A	0.6203535522082403	0.6341647951451096	0.8434561616910684	-0.11451634812479457	0.5403364238842188	0.5107790819248319	0.14760352517123176	0.09937483304805228	0.5182721389915416	0.9041999006321646	0.5007571554000422	0.45019206986548693	-0.08722916705469044	0.2967034630379993
1991	ELANE	-0.4861970161382084	1.1181142570210514	-0.1668757423140066	0.1731453816800698	1.4977841919616723	1.1115118897114475	-0.5069186259365662	1.615576377261515	-0.7233433278348244	-0.2852391479187686	-0.6671775159552069	0.5748350070525438	1.8557422691193968	-0.12118641048495574
2033	EP300	0.9468953389952256	0.9774655098420181	0.9078492828692498	1.020563191134648	1.1676882254200025	1.051529230694563	0.8905844343756063	1.1446250105728764	1.2187678306860241	1.2355517099435136	1.0997578778879493	1.2755290367979475	1.0525102941347722	1.2407891620002693
2064	ERBB2	-1.2060674254572963	-1.159732358433923	-1.3001108953543754	-1.3305810349925342	-1.1456315351997448	-0.9238862318898281	-1.0786577841863345	-1.3699625946766545	-1.314604999589329	-0.8289980911632022	-0.8725176200801948	-1.3206554009155835	-1.4108876018911085	-1.5099869245346413
55500	ETNK1	-0.11804969419796342	-0.04504119218392416	-0.37268407774282236	-0.007504065828146173	-0.07095817205491882	-0.26468295938634884	0.12502178046864093	-0.14432006813283704	0.04254557335819679	-0.16447971911877704	-0.14305138819639038	-0.1400849885278976	-0.1312301629034816	-0.44629665361534815
2120	ETV6	0.782503813800457	0.7096989371080548	0.8593545144738843	0.767952811778449	0.6615984017957878	0.1865357176872809	0.6413865432275895	0.4160805195544865	1.024408325691014	0.754270695192791	0.5244138762174606	0.5989381392159074	0.36220777673865084	0.7394248633230643
2146	EZH2	0.15891771207451208	0.5975596082942864	0.4258892223274347	0.4012998042433171	-0.1634281506628842	0.5529497946191663	0.5305301906230399	0.39567499260950406	0.02488999688244512	-0.016822150089874158	0.08706746023398362	0.19552839960493526	0.560502145320428	0.7514749202240268
355	FAS	-0.5183271983486045	-0.30036942042734843	-0.638216626171017	-0.3896774926660312	-0.328608378194267	-0.08845124515854551	-0.40535245329896047	-0.8483232476651292	-1.0864155141456944	-0.6202488228344617	-0.2783501041526644	-0.39296308055781437	-0.2251309394699392	-0.4900181282981735
80204	FBXO11	1.3127933528867812	1.3111821135144914	1.3407737289564448	1.2891955583079018	1.439548334617004	0.972490698927441	1.3484022380664291	1.266610796424624	1.3214384186341475	1.4253422507582332	1.3628729978933904	1.4061633859373093	1.0036784015073996	1.577530178870887
55294	FBXW7	0.3376218422971775	0.6122518088597042	0.487424661471569	0.3116832527193984	0.5769919100271194	0.094129693944521	0.37152781428938764	0.4933459549857581	0.6345136647136935	0.5136108607548684	0.4654294616073117	0.417835649499826	0.06546012823797945	0.5856167533000244
2260	FGFR1	-1.7263390110704164	0.6928027077366417	-1.6994321141536224	-1.006394753206521	-0.9611145376183857	-0.6307349327095494	-0.6698305019865071	-0.739595778006369	-0.9704518944831195	-2.2474702507499806	-1.351026599453426	-0.5065676675160414	0.39281454208990874	-1.8981732315493602
2322	FLT3	2.1338675611032265	1.8258337517998269	1.938421023628666	1.7581440553273282	1.697790336633146	1.1402920805099541	1.9822771785568867	1.2661084224042132	2.067346302491548	1.3347732413812863	1.8512428109255423	2.014586199036792	1.5080832425696906	0.9731331938593243
2308	FOXO1	-1.0900997221473716	-2.4848366360204786	-2.0670637694827696	-1.4900862185753208	-1.13696487114461	-1.2811144582797327	-2.0201885030111204	-1.2367660261403344	-0.5779067343956641	-0.9357779314906143	-1.1915938643847497	-1.0640496937362258	-1.6407725160485398	-0.4208290391860566
2623	GATA1	-1.4290026782782854	-2.4662105593812615	-1.4507689109658597	-0.9093889061090966	-1.0182440545140345	-2.9150017470115897	-1.470750631965518	-0.4346227010121356	-2.3633916925926224	-1.5817231483849876	-1.8775325332480104	-1.835997362926357	-2.1397417173245943	-1.7223466319635534
2624	GATA2	-0.03225969142756006	0.132365302293352	0.32579055252921263	-0.10390600975859865	0.16384131141025518	-1.3460046824020597	-0.06235028783645339	-0.6989716175111709	-1.0243359740366857	-0.12697665336568997	0.04850349693962863	-0.06939346202840785	-1.400270082293499	0.3811509727086905
10672	GNA13	0.17571756262660193	0.20549926873542057	0.11241500575603387	-0.04610467554794027	0.08877992081241641	-0.12115437849717953	0.16119780313982757	-0.067476098475282	0.07779607459326401	0.2212933692676167	0.18498065319239781	0.148188408542781	-0.043387339673541456	0.6225247616611217
2778	GNAS	1.8512570525106709	1.9883948026001628	2.050673195599549	2.125271934317894	1.8202095395911215	1.8892280109493047	1.9751652267820912	2.1280800007559404	2.091882333658841	1.8465437305636874	1.8222370908647039	1.884249992960856	2.09950239979621	2.001291506304961
156	GRK2	-1.0256534957391017	-0.9365702839786295	-1.0473917493870126	-0.7843906016492579	-0.9486143656329941	0.09512998894462057	-1.1315971307457509	-1.1869487557225755	-1.0675612154915637	-0.9075631086057829	-1.0489698101296794	-1.0724103086906664	-0.30055874083759054	-0.7759437940369734
157	GRK3	-1.5818589299338217	-1.710141774178706	-2.0268446819060983	-1.3759255693861265	-1.9136012556141697	-0.8692756697111316	-1.333042704951859	-1.9998669892842396	-1.607551557990101	-1.2244718668746803	-1.4188768090759216	-1.6923825781761919	-1.132299532557065	-1.3409449658292498
2969	GTF2I	1.1377969754260622	1.0684496904196756	1.1907771813964723	1.2734355557994161	1.0880530612459285	0.9180100366808926	1.209709273029919	1.1244949107292024	1.2302389606102027	1.0722327824263957	1.0005160939333566	1.0011207078743454	0.9841507011729681	0.8679139576755895
2970	GTF2IP1	0.5273897411651493	0.5056586244265088	0.5506427094618249	0.7859851081516213	0.4083206768249085	0.32460512603106206	0.6874117393459501	0.6385281182996989	0.6374815771698776	0.4662393125557253	0.43096745717269486	0.46224375189039785	0.48762752693862604	0.48113758057097605
100093631	GTF2IP4	0.44642633548011534	0.44274131106033476	0.4775568008611819	0.7462026638290559	0.3201492762123374	0.32103263885332584	0.618901834497198	0.5953329575151556	0.5563992267939541	0.38851163164059926	0.36648620197449727	0.40177486932989015	0.4714824647704601	0.46366245039203713
3006	H1-2	-0.4268051780223763	-0.6339786143111396	-0.30988285330875365	-0.753232386957347	-0.3646050872726444	-0.35489823587031866	-0.5989445925111015	0.058270524370544204	-0.22890617452108475	-0.6597375310257825	-0.4785669630106537	-0.41362790177844266	-0.8959758009148591	-0.5584887709797985
3007	H1-3	-0.9163580322672051	-1.3765560286908662	-0.6209245542627377	-1.2015853662899194	-0.6820443012253656	-0.4306899261631912	-2.0776388914777493	-0.1574016718800995	-0.5590427202582132	-0.9541063530340941	-1.1570544722515654	-0.9092130411847572	-1.0319305594833825	-0.7113345523187947
3008	H1-4	-0.4670506124614596	-0.6918041704578892	-0.24977084441570674	-0.7463576616858704	-0.5070233874836758	0.020716856680410695	-0.5856090787831805	0.09532656097659185	-0.2723442766483064	-0.7229532034489297	-0.5078759800429483	-0.4392987980383888	-0.531648616866035	-0.36100893339834766
3009	H1-5	-0.8193767604730677	-0.5351600968582114	-0.5751964490446375	-0.9411529072064326	-0.7480037199465611	-0.27541648319076434	-0.49904994128889957	-0.02657917712287562	-0.15243918271052367	-1.0834421763435624	-0.6557866100410468	-0.5708386690248075	-0.5214024050917831	-0.5742878451954202
8969	H2AC11	-1.235649832497173	-0.8380487680137608	-1.0862813344316256	-1.1205660464571703	-1.3443446309174976	-0.8579093510338771	-0.8264289483781568	-0.8887413966076754	-0.7694815130708973	-1.345735409110457	-1.2648748075540235	-1.0109459150505236	-1.0682122321977012	-0.9404372867974965
85235	H2AC12	-1.7263390110704164	-1.2947031807080132	-1.5243820056273134	-1.5364706781425985	-1.8812867999517087	-1.3427114212885056	-1.4259823499723772	-1.3404004400590421	-1.2673448080162442	-1.89209539393074	-1.7324315739967313	-1.5952805454723105	-1.4274991519008484	-1.4782414871921719
8329	H2AC13	-1.4982319769398602	-1.349673410243022	-1.3827266554081368	-1.6655866424311478	-1.7042950710648719	-1.2547903886565643	-1.4430574103502332	-1.2025311039715372	-1.2053365394635933	-1.8360129787209165	-1.5984472262447058	-1.6189597704719911	-1.4478065036215289	-1.412418566594249
8331	H2AC14	-1.6660774358037964	-1.3017929336677379	-1.4214565127177232	-1.6686797753143103	-2.0582119046065652	-1.1929004370025564	-1.7428185433111842	-1.1462137392318217	-1.1119815236957729	-2.037990109685928	-1.6838675069190687	-1.7814409713394443	-1.4536324591342453	-1.4459097983147444
8332	H2AC16	-1.6364821942113357	-1.262469338726642	-1.2205265068312605	-1.6213328084991956	-1.6468656379803732	-1.2013327142600865	-1.3509768427585152	-0.8910343760079603	-1.0660138253816984	-1.9471269949348027	-1.5014179579783977	-1.424815191069301	-1.5002982440674295	-1.3568308339233242
8336	H2AC17	-1.063464793004867	-0.952057824138909	-0.9008419481358382	-1.2010769396969971	-1.215247988116755	-1.2000597236521973	-1.0048686202430543	-0.7375739579667329	-0.8528858580327847	-1.4030217978943622	-1.1029527299023127	-1.0988021955396956	-1.4259297859606412	-1.2667471106201038
8337	H2AC18	-1.0599806895497483	-1.0090004138871396	-1.143970709196224	-0.9482705644837851	-1.0439382649600704	-0.5389088085587216	-0.9257860791410082	-0.9692672220760918	-1.0706668098853307	-1.2538517070129254	-1.1765785553399208	-1.0231514592910296	-0.8194113256084102	-0.9601873880043932
723790	H2AC19	-1.0624530753020611	-1.0047664554276254	-1.1414621421439357	-0.9453912832034561	-1.0506776971706866	-0.538001893428866	-0.9276875442582053	-0.9792270114441877	-1.0682351154189291	-1.2458270875207922	-1.1751359176838905	-1.0267226734644235	-0.8186535892592848	-0.958173622999095
8338	H2AC20	-1.572827293806244	-1.3723248303318933	-1.4343446020935837	-1.2827657500688887	-1.4505271755020315	-0.9108595537350131	-1.2110492717592218	-1.3126673973746035	-1.309938476939723	-1.4572495066452849	-1.588369774982421	-1.4768261490867918	-1.0446374812950592	-1.1460793596772278
8334	H2AC6	-0.8862654346298287	-0.7438560915682078	-0.8059275028272342	-0.8990252211663184	-0.8279303712982269	-0.5003360572322657	-0.8290258933397239	-0.6082834301732507	-0.695628811863584	-0.8460779339478252	-0.9054516481268772	-0.7889754108426432	-1.0858205368875342	-0.8186707512902689
8970	H2BC11	-1.7669869397847777	-1.1898248694877513	-1.4499219117835371	-1.5239077448573417	-1.7705703108457733	-1.3313356477515097	-1.216404513738612	-1.2215129555121471	-1.1172580290617597	-1.6997291046394487	-1.7009791250645834	-1.4438370890064345	-1.7404926932133897	-1.5524805067433427
85236	H2BC12	-0.7965429399983486	-0.547260865089073	-0.6142339627805286	-0.8190377059154774	-0.8038891934159637	-0.9118703392346299	-0.4788689211042747	-0.5717564576110159	-0.513300589866775	-0.7234088215091813	-0.729824513160429	-0.6717585397605474	-0.9253481174723588	-0.88458480686975
8340	H2BC13	-1.5898061484925659	-1.257483596227018	-1.2627845198209844	-2.0182768195920886	-1.8294501946233128	-1.823577997667082	-1.3653432884632108	-1.1897579801555216	-1.1408184653669469	-1.9374250053675584	-1.646087474767559	-1.6519370177675312	-1.9075691304099989	-1.7511803216666648
8341	H2BC15	-1.303556610630873	-1.0510950126361034	-1.015509206489114	-1.5995745782084827	-1.2699104115932651	-1.5723377951569786	-0.9604203886237054	-1.0546402716847287	-1.1215533232802597	-1.4574303933006647	-1.2353781877453551	-1.303740206674562	-1.778828522503757	-1.5087321906361935
8348	H2BC17	-1.6347256029344814	-1.287871150124973	-1.3202582343883291	-1.720066929501884	-1.7371227859633669	-1.795788243462415	-1.3032842209739488	-1.1493823353681456	-1.2018673622224756	-1.92786895981731	-1.575272651766914	-1.499926669983527	-1.909030755828981	-1.6126846862893929
440689	H2BC18	-1.094694753463953	-0.9186149723690525	-0.8745595994093212	-1.2951549824901696	-1.0029688700140884	-1.0340957696983841	-0.8664976690663636	-0.7102145414240499	-0.8030505994560698	-1.1891748719562727	-1.0936616193812336	-0.7436258284511488	-1.5192646188054562	-1.5127837155666575
8349	H2BC21	-0.9735285216781704	-0.9313368051410105	-0.9657132523907055	-1.0344016766114466	-0.8679364450695647	-0.8718594182904317	-0.8032933043451168	-0.6518015323592019	-0.834921725197826	-1.0551136366651284	-0.9629781473258615	-0.8921184118207559	-1.1724918933810133	-1.008268881131787
8347	H2BC4	-0.7724961943758961	-0.6031402768617758	-0.7744272690103421	-0.8165285724993698	-0.7434584044270285	-0.6670461233417384	-0.6064344120474897	-0.5097350213153418	-0.6240698322998848	-0.8456634220983719	-0.7508792779488628	-0.7352414708240242	-1.121787703451539	-0.9966772659433555
3017	H2BC5	-0.8272088272320429	-0.834667084992797	-0.9068804295416443	-1.0029369481256067	-0.7264515478147288	-0.6410709503758961	-0.8176556359561702	-0.5901448923116088	-0.7587136494520281	-0.9487632580877499	-0.8426771342827081	-0.7732650860748016	-1.121376394385481	-0.9586002766918793
8343	H2BC7	-1.484018939479545	-1.0635030004444304	-1.0650797400021759	-1.5528800051527933	-1.1492762896160267	-1.393674876537525	-2.4215383812810307	-0.8400732306087321	-0.8500119274830686	-1.1780067413841215	-1.499158242509189	-1.14666909058962	-1.7167872647960754	-1.3122340917258857
8339	H2BC8	-1.3092666496490915	-1.038024831749341	-1.3678201155846357	-1.4615540415690755	-1.2291843047587674	-0.577559996671116	-2.663149227323661	-0.7305219401251812	-0.8777516742131954	-1.3265296413156353	-1.6109017606490805	-1.2804498496233512	-1.4796929676772685	-1.0240899249327458
8345	H2BC9	-1.782350215601463	-1.5847126508943754	-1.200238952982406	-2.0831528871733673	-1.5936521916371766	-1.602014053756413	-3.4542277492058684	-1.0225303720738896	-1.0429640883007276	-1.7361182767048613	-2.3026477707324964	-1.8975897665214065	-1.9550868142970967	-1.589170894828614
8358	H3C2	-1.8176636267867823	-0.809646488820622	-1.0169769964941306	-1.5092769761318996	-1.9538798031221887	-1.5441599099630383	-1.0573604707730069	-0.7939706364026974	-0.7853045310868195	-1.809804111867592	-1.361939834710795	-1.2947718373979809	-1.3205422695891316	-1.3828331938155753
8351	H3C4	-2.0255912898853063	-1.5561365673812189	-1.5684236151151367	-1.9549508552038009	-1.7369752036764026	-1.2930021722776415	-3.2375271541380255	-1.2684569138061095	-1.482075984110237	-1.926542511160657	-1.883045690053821	-1.834665147320188	-1.460223140108218	-1.2360857628846627
3105	HLA-A	1.2793896362766624	1.1469786036770813	1.0743620383031975	1.1830411651409063	1.017469914509987	1.2719258510293765	0.8668423494101488	1.4267982810134807	0.9408019170706025	0.7722102017971672	0.9656032171222031	0.7349183295965316	1.4051096474192613	1.360207774383303
3106	HLA-B	1.1392380183810613	1.1165445547917734	0.9999537457385831	1.164867431703418	1.1012596118159277	1.6916954825318387	0.7777786727439294	1.440475929282497	1.173626632855925	1.018764290949111	1.0804796041734894	1.001737541720707	1.618434235947202	1.542641717034462
3107	HLA-C	1.1671931607360722	0.9617538494205432	0.7323125072083736	0.95588882764471506	1.1315360669410315	1.3253694604835367	0.6227097098575436	1.4306116251775198	0.58851843439235	0.7464200684156407	0.9876995267775445	0.9325789359791472	1.49060417899209	1.1856480361236024
3133	HLA-E	0.323750222482	-0.35707942815021965	0.24994390716721823	0.36855392547573296	0.19702666328456925	0.8003531859543994	-0.030775160879752683	0.4069241248251515	0.013205277673969533	0.2846082008108128	0.24964862720546313	0.17382491265827799	0.811015851760902	0.7602538323343335
3134	HLA-F	-0.8452403460965757	-1.3828576553002625	-1.1258379684160098	-1.0375663111870501	-0.7854609913339665	-0.021368486598404693	-1.7687577927355613	-0.7692149395898281	-1.1787119895466283	-0.7727640915392159	-0.7952711179597963	-1.5811233263151356	-0.1549928831507031	-0.4832651299275059
3136	HLA-H	0.4176012257383765	0.33454822798065986	0.2772576029974434	0.2636827389109711	0.4287960019498745	0.8556196903495554	0.02313791042592534	0.3718958141183921	0.21514102473063942	0.22806938134046795	0.28871032251397827	0.2783083661723355	0.6990029353261865	0.4592754477145276
3137	HLA-J	-1.0364183290546092	-0.48342794616279816	-0.8106281651027415	-0.5926986838465412	-0.7578303964675808	-0.41034350866482944	-1.0574224013063456	-2.0864021194524653	-1.1434548808032832	-1.4924818275398724	-0.8548292816266483	-1.2467944674686333	-0.6292120105743741	-0.8271747658309113
3139	HLA-L	-1.1051077941751077	-0.9944179587183529	-0.31395660795312474	-0.04732380431768604	-0.20129660162130308	0.48597032973798987	-0.6445948772778527	-1.1300109267212084	-0.5904015869868032	-0.49553909162607	-0.7145186758180314	-0.5035345167696248	0.39359021377916553	0.229960410271958
3265	HRAS	-0.7395010967932841	-0.10540622181630445	-0.6198588944539338	-0.6294312282325009	-0.8768896606864358	-0.4084927590391515	-0.7029887821644712	-1.2975881123771282	-0.7945432971122727	-0.8835467783773273	-0.8813385279539313	-0.7522485625107213	-0.5040842142857683	-1.2636552189790713
3417	IDH1	0.5908557115775206	0.44660791020316665	0.5404304564838897	0.36234659853026047	0.4043214532531971	0.2403487348180605	0.8994327496899682	-0.06074953757585532	0.05739390595627029	0.10013746927558152	0.5758920864304639	0.6764993480296527	0.22493114530691757	-0.5502156034977188
3418	IDH2	1.0184358262341495	1.301298032242096	1.3260948755705886	1.2772899683353094	0.6722336443138213	1.074327127783446	1.027751901910146	1.2562689446877673	1.0390251724499349	0.9353189107397152	0.9062127650629203	0.8829517833711122	1.34364131324208	1.1030306038809388
3551	IKBKB	0.6053739113210641	0.5371769743743118	0.7097207803231925	0.6917453310804561	0.6900871511774415	1.3242975659859035	0.5574967854039156	0.376118746068673	0.5843121476540941	0.8042730622782785	0.634131860885748	0.6568508535796685	0.9368061445754923	0.3131777978479083
10320	IKZF1	0.7518492392010562	0.6082856154358639	0.8370837932493744	0.8079712728276985	0.7443742118491555	0.4659322756332495	0.7145888335806676	0.8707217307694728	0.7697943991324315	0.7550715694181079	0.8078912377645623	0.6872024713194747	0.6122082758747316	0.6804357282049093
22806	IKZF3	-0.22525305061228454	-1.530441215062946	-1.3540685631463742	-1.1578846288003406	-0.27093545779719935	-2.1964292145186013	-1.2195434310643254	-0.25339781689905166	-0.4801113047143146	-0.6746778662996963	-0.44190365164908574	0.3214060969892176	-1.3179028138165116	-0.9184374817102828
3561	IL2RG	0.8903139759843697	1.040877669900447	0.8718366531558017	0.507643119094766	0.5839474514753814	-0.425057336648685	0.9782086357768238	0.7015725987372912	0.5182346671493986	0.5741471101270569	0.6824610938152498	0.5994197712369866	0.2191762066474751	-0.04132511507475953
3575	IL7R	0.02396604094632498	-1.2156321725831658	-0.964155690521847	-0.7319048683568642	0.20777995186269257	-1.979435129536745	-0.8659989831158881	0.27712225630891674	-0.49527057522192913	-0.762714834087961	0.07364961985221324	-0.8027464620393606	-1.1932237279991047	0.025456681934249936
3659	IRF1	0.9049780988334326	0.0755615069212836	0.9588121246540732	0.6723324533490965	0.5255044842527092	0.526630023541804	0.7025839316365138	0.6896798019630391	0.693935911505332	0.9509774634487634	0.7980484404400424	0.5448253909400412	0.6685774991174398	1.1915608086905651
3662	IRF4	-1.322236225446813	-1.1781979454444054	-1.925796667463378	-1.3011422120340017	-0.8735431814779739	-0.4721396213155593	-1.7882443884534789	-1.6375301600241234	-1.2870834994118778	-1.230835054589059	-1.469203404841325	-1.6784077226894958	-0.4508874077158237	-0.5701241566697762
3394	IRF8	-0.532358600438158	-0.9645631267051887	0.09846013430284072	-1.0682059354348667	-1.0893249532287639	1.0223610214932715	-0.8080984148832546	0.18094201474426905	1.0364403582278838	-0.03845841151684008	-0.006514207676967081	-0.018637059950466002	1.1317932549741934	0.8127673530736969
3707	ITPKB	0.17299574875579543	-0.19212514384989532	0.24676242120663192	-0.14996776698021064	0.07400596761150402	0.05221316889178356	-0.011721008709312676	-0.047708900932304725	-0.36416879174840794	0.22926591025931534	0.14077693111181028	0.13626145701048817	-0.1821404813511794	0.1494542606737517
3716	JAK1	1.5247747902144306	1.2937402309953445	1.4338681927743373	1.393495833833785	1.4329471448087352	1.3825792636780367	1.3055620764737006	1.7138642228944547	1.3784547385123875	1.591854196856003	1.488136754629459	1.5246484095020476	1.4760283438100588	1.5510960324702352
3717	JAK2	0.898668869714029	0.6991994414040466	0.6115886233472299	1.0046874924907991	0.6827862369543547	1.1323020478116745	0.6826812526072441	1.0613149835070241	1.0544612734363352	0.9166043334226833	0.94375350412574	0.7284927452893755	1.1645638482386358	0.7877435845278461
3718	JAK3	0.7932950261866426	0.5845171172057559	0.28228062787034747	0.5428181582991938	0.8698452382558879	0.1952696499092321	0.2734474612080084	0.33982464480956753	0.3757835509171085	0.6670301911491431	0.5003295714035417	0.8299518258404845	0.7099069186661774	0.5397080700226022
7403	KDM6A	0.7380411551828736	0.7927722337911928	0.6173485897861174	0.9527257602762658	0.5364969468626517	0.4075882867200765	0.9046099992187894	0.4144023860979517	0.44031369765279593	0.6682579896905917	0.7757161647540655	0.8800374017666308	0.44882624655736164	0.9433634196523236
3815	KIT	0.6505724645653769	0.3851475212994945	1.3133229857429165	0.37719340183578665	0.1745932880115783	-1.2632696322974175	1.3795003554150929	0.8092030781626236	1.1018916806167134	1.1658601254006022	0.947420145391589	-0.21653900974247103	0.23480629110975554	1.3651358180373057
10365	KLF2	0.322483515454549	-0.07029988340182411	-0.286333470081982	0.12176700259106485	0.18940009599018678	0.43773638326603537	-0.04983049756530217	0.6571664761695286	-0.1804419172845405	0.04233471019457721	0.3096923717804255	0.07482516047443122	0.5619221496627074	-0.3572666447631667
89857	KLHL6	-0.07334437643597051	-0.10321850672923202	-0.10771371672677489	-0.2713810279592791	-0.14590567582360692	-0.47652860178001316	0.007967950291299541	-0.5346218245734053	-0.12209722313255188	0.25218331237179653	-0.10946643007875245	-0.12818970694047982	-0.40129211981213797	-0.13717075124644135
4297	KMT2A	0.9076522282038588	0.8425534594200949	0.8341564279815744	0.9047112646443739	1.161283867561514	1.0804046170287456	0.8465857293646306	0.9202700395964564	1.2001061877345407	1.2146199573435792	1.0170974129246986	1.192484914646268	0.7557001318845818	1.1249945537785466
58508	KMT2C	1.5115250247403214	1.4937302135391133	1.490549481660449	1.5300215909596264	1.8664173769936871	1.7257586402360192	1.4666612308541405	1.5737789497941383	1.315658892612867	1.853532080025721	1.711543247729514	1.8197276001835738	1.532619232419614	1.9349914294065322
8085	KMT2D	1.2939523583888988	1.3641363603489987	1.3173061510347925	1.3426537887232959	1.7758985317282299	2.0164673485729225	1.099478601099028	1.3015348702917378	1.4330701304507667	1.6531782743925356	1.5887131606060516	1.770396519275229	1.732595639329658	1.4513225794213365
3845	KRAS	-0.38032506736172395	-0.2133101565546237	-0.5156954078296079	-0.5129494199932005	-0.4522526267901143	-0.9156771701264805	-0.2090097902775052	-0.6842608395716236	-0.5657051734567299	-0.4067597603930417	-0.45462586949671624	-0.4335152672399411	-0.8462685391740272	-0.5321371224732556
3932	LCK	-0.0061580613489980686	-1.2616354719841287	-0.894723602941072	-0.8211756291348258	0.07484560192103848	-1.4727711340167218	-1.0853625594211527	0.4711329806642946	-0.6291111487645865	-0.526677508499657	-0.23653498201502904	-1.2655035823426861	-0.6116676729021534	-0.3768025210614656
101243545	LINC02067	-1.4289161758852233	-1.050978077731816	-1.3038202130587135	-1.2323878437259692	-1.3645864066806748	-2.086714535674353	-0.9040919125918919	-1.2637096536367747	-1.0509970283342804	-1.3491588443544913	-1.4544552813522325	-1.4246348878973245	-1.3399242166646212	-1.1998187817741766
4050	LTB	-0.14834078089599512	-1.7794191046889412	-0.6633692833723068	-0.4732742873059139	0.014985064766752994	-0.8949310575150128	-0.7326620335044431	-0.1413588501434145	-1.0468705079166474	-0.1869111932565345	-0.47185159410054667	-0.526095826974377	-0.432148728108369	-0.5441347463818933
5604	MAP2K1	-0.9805753793982388	-0.4832704676578352	-0.9735065232853355	-0.7881364346529012	-1.0685594927391673	0.02380100742017047	-0.8616189599592505	-0.9405409405382055	-0.836205954410137	-0.8066567763259956	-0.6951298052745728	-0.6527215496514882	-0.19555634896014604	-0.368682894358458
6416	MAP2K4	-1.4360460511331723	-0.9615377717689136	-1.3855959642259108	-1.0655802611079452	-1.2289782359594255	-1.68951519384899	-0.8818361298899531	-1.4258176743472943	-1.037404496499288	-1.1318858273489454	-1.3725697507620838	-1.3138226468026915	-0.9471101607597616	-0.8594772053631966
4214	MAP3K1	0.7503618274661376	1.383330752441765	0.6843279401590149	1.0731673898655687	0.9536096980298371	0.9779126417410969	1.0561109487821858	0.9103095490990588	1.2006226407733729	0.7722345471319905	0.9974431874093121	0.9064573483833477	0.9933861266075455	1.145499446029349
4170	MCL1	0.3628217895139773	0.2766623086053549	0.19548717450430705	0.3933493864070531	0.36200796867230145	0.8354600102832855	0.41457482217000097	0.5190207319597788	0.05721936756465066	0.3104194153613148	0.41492894915702383	0.45191851159428836	0.7067328374981325	0.4822453474338629
9968	MED12	0.9808444513834673	1.0005800302149888	1.1867954334214017	0.988105316053965	1.1969766085470377	0.9180672426323631	0.9322200586331475	0.9377804096138624	0.8962545153440478	1.1150769465992347	1.101564634183138	1.1274849330733432	0.900784000638534	0.7143289041916664
23269	MGA	0.6188290318104933	0.8928728574424553	0.526158155333079	0.7137777214371772	0.892993005077345	0.5313198134585276	0.741131681636563	0.4587824275363072	0.8753126054393937	0.7803675491978204	0.7078412919484801	0.8025670655116124	0.34963696797965405	0.5175921664071704
219972	MPEG1	-0.3098852613574336	-1.8994907994579835	-0.5943658566352293	-0.9274237159149438	-1.243349130982427	-0.17319882994695493	-0.39834101629819624	0.05776116984026765	-0.1121699438967172	0.021242429643307668	0.3019948148044422	0.16453348753713137	-0.18640815437215716	-0.480018138266359
4352	MPL	-1.435871262220618	-1.2585602970740093	-1.156053859293219	-1.9749334815851853	-1.657515829901597	-1.7092125330085823	-1.465906561983709	-1.7340707056399027	-2.2140301653446204	0.25878504669254837	-1.613800837105307	-1.6083189045659896	-1.195999838685986	-1.859097599780524
4436	MSH2	0.31202166244263435	0.5050490234158129	0.44686785305221394	0.5392729297814424	0.0809133600890821	-0.3485006534040152	0.5743735719672152	0.3603270737306876	0.43986428912535086	0.24841864220063653	0.17392653188540158	0.19089394969211074	-0.10022917774357987	-0.30830021207131747
2956	MSH6	0.5667906253322283	0.7438416755404219	0.7243908196463705	0.8159903893216071	0.2541212942773181	-0.1572660711532435	0.7689979981624119	0.42122606101746474	0.7766034362715615	0.4707900454928461	0.41143013963476194	0.5093675620527349	0.3257699397768247	0.3447711659052404
2475	MTOR	1.1491323039570454	1.1245324644165793	1.3266713340342502	1.0480763890277134	1.198449331183789	1.2454207468469636	1.151152877119879	0.9606520899633728	1.0885606204107248	1.204363177198762	1.2429172599343885	1.220973042966279	0.9987964640066538	0.6548559515447447
4602	MYB	1.2540035313736417	1.539136869350495	1.3898315116557913	1.592503694752851	1.4462950123869642	0.8716681778634157	1.3843924583515124	1.2991145164838482	1.4449432950168513	1.3122392586817058	0.9604807482289061	1.1302227638428204	1.055500942969077	1.13830906995349
4609	MYC	0.511560260238687	0.6030281932062466	0.39847867082194444	0.46921622546178016	0.2703202674561428	-0.22621302891985842	0.4783906852396395	0.17665904015698694	0.6545996030487935	0.13467275891215783	0.30748108396334706	0.3865535588886831	-0.220525258294871	-1.0197316077310035
4615	MYD88	-0.06072567506772576	-0.3450324126709417	-0.5186764781189095	0.08471152025165371	-0.4152737162402092	0.36685729013503127	-0.24939841111916433	-0.15005935700194187	-0.35584693379223775	-0.17293818742200737	-0.10766813196904294	-0.20365399157053765	0.41483223739086456	-0.4350640529146461
4676	NAP1L4	-0.21501807719043686	0.058612947084804516	-0.17707568081074426	-0.11882846012677402	-0.3404519159583686	-0.5942030496951921	0.23877520928613186	-0.3045551617470563	-0.16877376755234902	-0.2767213810373184	-0.3718337671138581	-0.30241453264222784	-0.44680755636454866	-0.4018785792038714
4763	NF1	0.6585444536904452	0.8269176140864484	0.8458438350707213	0.7853664378303995	1.001502646573256	0.7567626653841857	0.9911544446973384	0.7054774679271101	0.9421493542513111	0.5567261690908917	0.8648214830434188	0.8493845702953261	0.6905107447585922	0.6737383299910673
4771	NF2	0.2592183212869344	0.5188307185520146	0.399388309766915	0.2661539606429032	0.12240599458921035	0.3715466264693832	0.3234729476788738	0.16551806162445767	0.43009950288155846	0.14690013234661198	0.1491429604073846	0.03117412013654496	0.14990773010355438	-0.06634755519047882
4778	NFE2	0.5052927726026893	0.17973039445874264	0.3253265091275688	0.3025922803389657	0.273967863723824	-0.14554392669266036	0.4692704974712494	0.10965674550664456	-0.06693051142491106	0.3667396678084601	0.16304458249391984	0.45273646855192173	-0.09313302618564015	-0.2873032408139198
4790	NFKB1	1.018959758099587	0.8520306302202988	0.842288793415562	1.0331228666655672	0.7789850890346323	0.5487716267751789	0.8597640635357982	0.8866981103461261	1.1620457637766777	0.8872972202086441	0.7405782606989638	0.8937091256538996	0.9758404866846595	1.2984371388144664
4791	NFKB2	0.3607161901409149	-0.43040280774029466	-0.9893263917576195	0.1816540289023978	0.035939428311808144	0.7149778924500616	-0.35021358419943266	-0.16442255815301057	-0.746741623720827	0.007130399372423843	0.04754784741278962	-0.11353573246972014	0.28002323053398814	0.8799387567341731
4792	NFKBIA	0.5182939873558042	0.34121561608804646	0.3308321053689681	0.4797373706819819	0.28307418772193466	0.803054207615495	0.37356323338430203	0.7202960822555178	0.29560839364309993	0.44391840559218526	0.6649723526554794	0.6922467165916615	0.742935247824247	1.1278276495688975
4794	NFKBIE	-1.129316234178366	-0.851604015729934	-1.361415829395576	-1.3432813814123574	-1.1446629691079446	-0.42136862032981925	-0.8940478187704882	-1.556892305812705	-1.489643577205325	-0.9012377770996673	-1.1959217032617313	-1.3374552078570363	-0.6707495546428844	-0.3867767529940366
64332	NFKBIZ	-0.21364746298059703	-0.30763985972409097	-0.3575230111452628	-0.18609144631722987	-0.2516259909686079	0.888737099251058	-0.38292469512198063	0.5581255785923096	0.23725327097556814	-0.10620902551372623	0.1254644647674933	0.06726674956246091	0.2052621443799073	0.4712904257335035
4851	NOTCH1	0.8434210300078305	0.5377989179537538	1.1087229381843355	0.6928361829347308	1.2787378841575692	1.1373518490829295	0.5210338691403341	0.6322447638622387	0.6169782936487344	1.1786397878886972	1.174438166671623	1.1448068434880612	0.9062731368390962	1.068914707450412
4853	NOTCH2	1.4131522091882964	0.6947463254328553	1.1075587866409338	1.2256844123567052	1.3968670046779608	1.8123199541246855	1.3149901386384257	1.2505351598647376	1.1153212148542644	1.4069503315351384	1.6061493760730106	1.3144068340029131	1.6477995565462564	1.3041175704193466
388677	NOTCH2NLA	-0.742846773848247	-1.0588047890590542	-0.7784145198923099	-0.6846460253271128	-0.7034253250499836	0.37858277253087347	-0.692383714873284	-0.9095422461751947	-0.9371193719818507	-0.4120597500620551	-0.5843328987964793	-0.6197630645835169	-0.19595717269483756	-0.22213790879233145
100996763	NOTCH2NLB	-0.8509627691240599	-1.1896771974083395	-0.8792559833871458	-0.7515604852458266	-0.8071564424166935	0.4036008272287156	-0.8149395376769637	-1.0043532366864096	-1.0491598659207442	-0.4688255386451012	-0.6654122735217983	-0.7428770063140364	-0.2352013891991943	-0.28703630536170893
101929796	NOTCH2NLR	-1.3312464896737066	-1.8667774180859116	-1.2508291196380108	-1.1255321711813127	-1.31205133542672	-0.005985473026273862	-1.12609951153316	-1.546909663789509	-1.4675617102728242	-0.9211832385301925	-0.9329106020306434	-1.1118905160336061	-0.6730742471466642	-0.8048795540851208
4869	NPM1	-1.0593262516450361	-0.8394805663646946	-0.8328879319276533	-0.8598841961680073	-1.0256360776435227	-1.2216648251417832	-0.6841780399025438	-0.9229059902252604	-0.6843494479082177	-0.9735703132498055	-1.1850083600561272	-1.0924076677317047	-1.016462207684623	-0.7516896234707353
4893	NRAS	0.11769871863080372	0.476725398095254	0.20808414569067105	-0.010347318475475546	0.016408394820804834	-0.5140561000271208	0.28669943452932406	-0.16317377453228296	-0.019636920749558258	0.1740852216205103	0.065774967666046	0.03658581528549997	-0.3333148085658169	0.09452636283716889
7468	NSD2	0.4493758138028257	0.7848340644566497	0.6838007363928634	0.871893483055162	0.33685053999525305	0.6554527658171327	0.7042599742967494	0.7984046265969034	0.9658435997072922	0.2423807668583688	0.4285373421817462	0.5232337234568462	0.7414869650361775	0.33894145355943384
286530	P2RY8	-0.7335448870445371	-0.15649739800130047	-0.506435492013291	-0.9628587987410764	-0.43821886946207506	-0.5851147815456784	-0.5317272497028852	-0.9089425103296475	-0.6408706504426764	-0.5655239300296667	-0.667606162612852	-0.5996569363305814	-0.8232139506065409	-0.7354012283092691
23047	PDS5B	0.8310479064473391	0.9946376600129035	0.923203038613178	1.0386384294745368	0.8501165830352718	0.5466243926578644	0.9301740262206328	0.9728522011027094	1.4230800721205235	0.8686718064810256	0.7808019056079725	0.8349601461230449	0.8455241462646415	1.1087532707520307
84295	PHF6	0.3121766813462116	0.4129584203659476	0.3596642069262891	0.40205837798281663	0.23770606445350265	0.0013036647494932706	0.4324639294596549	0.18250814031424822	0.2650315205241479	0.21558229116767008	0.11364237290290187	0.058355692746036074	-0.11624089318506443	-0.2386421211189155
5277	PIGA	-1.3522553472016072	-0.8654328418465851	-1.3167130231389563	-1.292716832664585	-1.2192290485145343	-1.6090245840765776	-1.2202700857320457	-1.4887498753478512	-1.6040789020738744	-1.2224065441678964	-1.1893521534487725	-1.3811871041484804	-1.9918816040949703	-1.2241695542693531
5290	PIK3CA	0.19089105609510565	0.606957647810012	-0.08346373560634912	0.30476697215142956	0.244464380688644	-0.025901747051127477	0.31540616928356063	0.0052991540579772605	0.29781982374185156	0.32642760832368584	0.04098502739004915	0.27189098028673175	0.10482280031826947	0.6893185499743677
5291	PIK3CB	1.0659775064881813	1.531314725792641	0.8172225498269482	1.248207822086555	1.2439458133216719	0.7580467314100477	1.3455560807982077	0.7643645890172557	0.40613744104897626	0.9421001035743479	1.1108804385034081	1.1991800777318113	0.7558863941936225	0.8460221929127093
5293	PIK3CD	0.7070495910586653	0.5737560521503385	0.7022172218635697	0.8366097315072737	0.6294894225058741	1.2386172076363802	0.39033715755209963	0.8638035739729489	0.6246945076909352	0.921736409403035	0.7184689652056583	0.8770582451607924	1.1225249323386173	0.8697172889965245
5295	PIK3R1	0.9469219176038843	0.6912394828316761	0.9604314430163782	0.9593399053493247	1.015918882589488	0.4397389388300603	1.0105419348039777	0.8333552182286049	0.9440351613594213	0.8813315029356802	1.0655986087508185	0.7817437227817522	0.4658928426968981	1.2741354393685749
5292	PIM1	0.4771798698660536	0.07427750113941484	0.23648865053449747	0.3494075851908565	0.16184757029121383	-0.1239835474471609	0.4637542405080556	-0.011538828201250734	-0.4262196844313325	-0.35807482583199796	0.37374651773431744	0.4180250927848439	-0.5199449487424336	-0.41422773170756483
5336	PLCG2	0.9206358794087961	0.6109076981581654	1.047868930075915	1.1855442741626974	0.8690580227193105	1.2706498349876214	0.9112687058635961	0.9911180863625789	0.9161496184756235	1.1278354441648948	1.1299556121256926	1.0339185150965242	1.163354431840941	0.7720901930688343
25913	POT1	0.12979728871375623	0.34669664776916453	0.1252486496099775	0.18882254702710305	0.13592362717317455	-0.6423179905809713	0.4662171960135185	0.03016650885449859	0.2068043795206687	0.21939752824829958	0.09692168406482365	0.04496808367826523	-0.38980494859414694	-0.6112055904011683
5452	POU2F2	-0.45530465871080694	-0.6919639285872144	-0.6311362554166642	-1.0711897682290439	-0.7556041585769783	0.43241394654497967	-0.7521814177179592	-0.3688091354055853	-0.03384912100989303	-0.13894187813448997	0.14290202353425396	-0.17016021487053595	0.17420659612145487	-0.22044536477447926
8493	PPM1D	-0.2874792155221552	-0.21149899892627913	-0.4398119060435372	-0.08240884038221767	-0.11162722701071429	-0.057175423883268274	-0.11130866440485444	-0.8013274181063923	-0.17774063871044105	-0.22592657458297083	-0.12168725380895752	-0.16307778001006076	-0.09420537750497124	-0.06531054033575578
639	PRDM1	-1.1111612743686141	-1.6444420032867257	-1.5740322623867211	-1.3048996545418825	-0.3492697444081771	-1.2269768982797793	-1.562661889392076	-0.6723190684933922	-1.1427759492109066	-0.9433036337871095	-0.22131566343865575	-1.3647496295728714	-1.0773368040456635	-1.1103729213605829
5579	PRKCB	1.0407227764859521	1.0827596504834978	1.046302162367985	1.2278356949755589	0.7881330760626619	1.4324864606994527	0.9535590418906648	1.0222906276861183	1.3511694711917952	1.285881675203495	1.115615092734892	0.9851679071799629	1.3619146194775642	0.9549377103185352
10594	PRPF8	2.154177516450337	2.066549335520844	2.2709560970470464	2.03295632691806	2.2362582068980283	1.626574109173911	1.9973853059413913	2.203537922030744	2.040146022749541	2.168324350259825	2.19869644984517	2.168038382905089	1.7829951754011155	1.9117618019936335
5728	PTEN	-0.0871320103216862	0.03159564055840011	0.03378720763933559	0.14852504940828065	-0.03314673500731014	-0.5274863278229416	0.2102783092709564	0.09721444028810428	0.2527951996216273	0.0793879783319083	0.11402969873832094	0.20226593688633462	-0.2006630420134438	0.04641993061107907
11191	PTENP1	-0.7175961613213019	-0.5586675267766801	-0.621843605176188	-0.6761527308887457	-0.7104982780036304	-1.5959512432216145	-0.43618100180699965	-0.7030628286604211	-0.5514824898734445	-0.5581461874284528	-0.6003844182515574	-0.5391425593588443	-1.1071497051941899	-0.7746936838781923
5781	PTPN11	-0.7202846421287359	-0.36668889270130967	-0.5064106427753026	-0.6901616055502189	-0.7421371506001403	-0.9735853465311858	-0.4826631850016625	-0.8602868945243185	-0.5327069671296182	-0.5820219712791516	-0.7014453202537161	-0.6174390301075029	-0.890661338415668	-0.7792423644664144
5771	PTPN2	-0.6414788381019976	-0.4707394010114756	-0.46185115384538017	-0.7635718635116868	-0.5374729717277251	-0.8297020778414085	-0.41385180146777234	-0.7465852497358437	-0.5196081121071358	-0.5118254410742491	-0.48596201752938445	-0.5181881295957654	-0.7249596418836883	-0.3173626212150395
5777	PTPN6	1.6790763199298173	1.266228388000238	1.6377956392040465	1.768491187439747	1.4893637026900282	1.6583413875217778	1.4350952588577164	1.6284135811776692	1.398229728455717	1.5550848466791536	1.4967535205286344	1.6848711014040416	1.8621138775033086	1.484321634497427
5788	PTPRC	2.1549143941445994	1.9437433440570215	1.9816147100289816	2.3305553838374924	2.1329259551189272	1.674853604076805	2.0400688195883308	2.5367198694831763	1.8119701031707105	2.12781062913787	2.0564451457555974	2.1283305049637224	2.148055522117564	1.955833763860277
9444	QKI	-1.3034126711595149	-1.0600500613704966	-1.316195826761403	-0.9799537542359189	-1.3729784797672908	-0.8150512880074277	-1.092600489215773	-1.3575452734971594	-1.0046800075749256	-1.2739954131683437	-1.185535140834898	-1.3919161757794645	-0.9447343028365283	-0.7501720205054759
5885	RAD21	0.7474270897141636	0.8275773861041887	0.7558945745650331	0.6769029443578991	0.5810506544714237	0.19520003946648856	0.8266532341437004	0.8167096784234297	0.6952063860062353	0.6713219002708126	0.6404344687369145	0.6892530554164813	0.5697105246491414	0.7660153481299692
5888	RAD51	-0.5690974364652179	-0.045105763625224116	-0.4225012485656858	0.19019773112387248	-1.287451572227629	-0.1851100389932084	-0.009981151566469981	-0.4100097571535315	-0.3261701839821796	-1.0230447438943087	-0.6442517964387122	-0.4808948093338058	-0.21132035374367353	-1.2915103011016742
5922	RASA2	0.3741216894239938	0.43117181731546866	0.15042600971824888	0.5952922363090687	0.26145138652118755	0.35917803369103624	0.3711788931598548	0.4098717498300971	0.126193268048341	0.1507395293333818	0.33856840133264565	0.5035436663237927	0.1666536747373906	0.5217840939838638
5925	RB1	0.6775043712360522	0.9950268187745314	1.1681694112490097	0.8382372558222504	0.6625187439317399	0.3550109363590912	1.1790165111529758	0.9473739043065458	1.7600140650071638	0.9856073894970941	0.8377198160922628	0.9419882984983884	0.6998843789294333	0.7594966332539221
5966	REL	-0.4759144947457103	-0.5579274385171876	-0.6087153483477893	-0.4423548401827006	-0.4413795613709013	-0.4422375698557905	-0.2397008941967533	-0.6046451311745816	-0.42009505527520524	-0.1830178009203658	-0.22897148376500526	-0.2283937935992401	-0.3575665579779068	0.16882281507464017
387	RHOA	1.2651580216154619	1.3444728276742335	1.296713556691303	1.38154431432042	1.1263796038997027	1.3818943760951188	1.3471197373253936	1.3816740475460298	1.3703445021754157	1.2101038466877294	1.2044179487069588	1.1885824141192762	1.5094451249031469	1.3135060634972913
6029	RN7SL1	-2.016730072339842	-1.4975744608137342	-1.915767385012341	-1.600971898125618	-2.042132373360911	-0.12182961556593812	-1.4245149030887392	-2.0815557833809306	-1.5942131361876537	-1.9014882987185817	-2.233113939455826	-1.8195323326489206	-0.7682528964135387	-1.406180441670373
378706	RN7SL2	-1.9013496126371947	-1.44234527306471	-1.7932576558244198	-1.4774671930380239	-1.9465563026258739	-0.09280748811661065	-1.3577134273553206	-1.9610987503821993	-1.5258730905337734	-1.7951672513215104	-2.100266654540634	-1.7509569991239344	-0.7222885098244148	-1.3238446208586474
6135	RPL11	-0.3045055464299082	-0.13234422326770218	-0.3184655068335363	-0.11639126187095303	-0.36824112692694105	-0.738099577382236	-0.004668778824442011	-0.16893888682600589	-0.03220741754509883	-0.39552509191423507	-0.44920688318314583	-0.46307468411652636	-5.012595604326083e-4	-0.09184919303347694
6209	RPS15	-1.2937663044705103	-0.9495880286939117	-1.1466882025887717	-1.0454112736129533	-1.249058267895957	-0.8519709318399021	-0.9559431613961002	-1.1462137392318217	-0.9495868686296678	-1.189649443967812	-1.329579390275207	-1.2459657687554289	-0.7653891716233301	-0.9318310251107996
861	RUNX1	1.0348510415781218	1.0905651872439965	1.1914775381747489	1.0048840017801282	1.1726217108965433	0.6239836034896618	1.0746689605409576	0.7639715415486172	1.3949187279735809	1.0410206973425122	1.11288712996948	1.0573811863919234	0.7151849091620986	1.1838477967582253
54809	SAMD9	0.08451527900825158	-0.12132909388212511	-0.05432498236912519	-0.29877629411612144	0.2932455119589437	-0.8595190094005487	-0.306573732247382	-0.08146514632432955	-0.09993751423011824	0.44686409205181815	0.05094551033766917	-0.17308373958555923	-0.6355060865484958	-0.478593276207934
219285	SAMD9L	-0.06477719932564685	-0.32329462014490257	-0.14956664662827643	-0.4000923178408618	0.23009237572614452	-1.2487456150385428	-0.3543286599099977	-0.1756169634058037	-0.21832400898890791	0.2847538851245548	0.05244799978233866	-0.279495580102719	-0.7986183264171863	-1.2161327854943553
6402	SELL	-0.9229181032213182	-2.14526241287686	-1.1650094338409651	-0.9812873082901917	-1.2582531388147946	-1.7496879013092745	-0.9706019448861172	-0.9961775598850404	-0.8321240242860017	-1.2660484926538127	-1.3338869021906357	-1.1850540828865204	-0.9036477342520128	-1.414228939161558
29072	SETD2	1.0606418393228398	1.0546670725723013	1.2125128429088414	1.0235563633390272	1.2317094186946578	0.8671536560308997	1.1072846454702863	1.1005171255940651	1.2054266493401022	1.2378329968921662	1.143168279323898	1.265783260267314	0.8674501195002001	1.6147249069953715
9869	SETDB1	0.5139860498200114	0.5287369042988121	0.6608789212460743	0.5383488831317239	0.5969937321064329	0.8160920763027599	0.5481779903766901	0.40054205527826847	0.49467119470194926	0.7291260304513033	0.5778547627699057	0.6453935587038723	0.5020227202366502	0.24397315593689348
7536	SF1	1.388256821718462	1.2752004402218349	1.5050632644622806	1.2709673406344235	1.2519701038800501	1.0366038979364116	1.2267264947679186	1.3972299566992774	1.352922304529322	1.3303380264922704	1.315196771550519	1.374340837564455	1.196508017578279	1.496419450440874
23451	SF3B1	2.0782274660582236	1.9288890843152326	2.1148558636407175	2.042133970275152	2.1666546511418927	1.9712561773657011	2.002295717466988	2.221032499802476	2.0650349988352383	1.985350478181872	2.019294279227442	2.0339365432266714	1.9357253794313867	2.3492461941115583
6446	SGK1	-0.7192140906830514	-0.9432629506490097	-1.7138697534581848	-0.47518542482850035	-1.1169397697968806	-0.11178583410465515	-1.4783354449191297	-0.428782808648277	-1.439800907891247	-0.5716634000903618	0.013057136648141413	-0.7400196600049567	-0.08091957123248393	-0.10681420407108322
10019	SH2B3	-0.6991864424873245	-0.7795698682381053	-0.6332160661177998	-0.7710704284046391	-0.7149811867618686	0.2380325234465176	-0.5582132180286039	-0.7210893394700533	-0.5450214764575078	-0.3579626390056202	-0.36710002747272463	-0.4377502536896936	0.16318832540148	0.07044606377972655
6597	SMARCA4	1.1570222670793906	1.173260026871612	1.406354353284359	1.2120730212202093	1.0633339228669298	1.2967021528606824	1.0495387274520394	1.1236690069634385	1.3108760408859408	1.1339783081932435	1.1034090546520254	1.1271150629011775	1.2641575949815314	1.1021419885738661
6598	SMARCB1	0.5526650585363313	0.7804975923038435	0.90587772459683	0.6664176607978923	0.42058862265559127	0.33659416325456343	0.6390668022010391	0.4938950909148739	0.6521823706988343	0.583794352660958	0.4879486658164455	0.4854450131518162	0.683562052589191	0.6583765950876044
8243	SMC1A	1.4183349924728188	1.43136459517253	1.4824372715604448	1.5351065737069176	1.086012828228527	1.531548132446767	1.240620482643912	1.2915424995346456	1.3009880141706813	1.1428321310895115	1.4294671962908756	1.4638937055601293	1.3103092545617603	0.597624007327174
9126	SMC3	0.9585563697232762	1.1236518754743319	1.0383069644454779	1.2309143244430016	0.8147083885700549	0.19579145171674694	1.0622044107984376	1.0358660871043672	1.1995286340237417	0.882974202611198	0.8656647183946357	0.8939712760560826	0.8603752330259253	1.0685691840883265
23013	SPEN	0.757885895642927	0.7325095436751203	0.8676321682945003	0.728749416021225	0.9707705780010518	0.49753119487267417	0.7704581864772478	0.6061549734569264	0.8199515758139204	0.997459315668845	0.9679805214210734	1.0158334308028543	0.47903103470546027	0.710431608883636
6714	SRC	-1.4175930757436606	-1.940081168715624	-1.3295143648492516	-1.31893076791881	-1.0230117985554505	-0.8492512863157119	-0.925336595038016	-1.863691724942719	-0.8946861659937562	-0.7979805473883762	-0.7893836353808068	-1.139508387821951	-1.1780230730126693	-0.4449702698828813
6728	SRP19	-1.5599192572179261	-1.5205692903968846	-1.3534296038363662	-1.8033239314672498	-1.4713671100755275	-1.617018126013587	-1.479321004699899	-1.9802328681492494	-1.6743692801392287	-1.3866288374996383	-1.3803805545263619	-1.3884914462700086	-1.9941154848282157	-1.8224114238526317
6427	SRSF2	-0.9176241286452824	-0.5127125416572873	-0.6713869513982507	-0.7266894520510259	-1.022256717857488	-0.8639116254216342	-0.5487974987594978	-0.8454360211567881	-0.687389452815011	-0.9249277263911428	-0.85685865446291	-0.8724810508527937	-0.8423224179431491	-0.9463369702583925
23635	SSBP2	-1.5677195404409718	-0.8700717620977518	-1.0704339295154048	-1.2682560708172297	-2.054393315117594	-2.1366069131705294	-0.9827074083797754	-2.5107192486648238	-1.8835500651029944	-1.3069589024419261	-1.6342269346440539	-1.4217566253397451	-2.0810559692089416	-1.8631169815624238
10735	STAG2	1.5670313997150955	1.5546496736420439	1.5065808242564256	1.6975503063553639	1.500477645368495	1.0333020601562832	1.5027750200927292	1.6720535396898393	1.6086815699236334	1.6282141663861214	1.4118692691003882	1.5134649522184669	1.4188394972905654	1.819042714002898
6774	STAT3	1.5107601991344894	1.3101076199086308	1.2982038026118792	1.2854978769179675	1.4935650751273581	1.219375195159422	1.230875791986533	1.3237613659890037	1.0051025600747214	1.4863772598714509	1.378599796410761	1.5333302875116956	1.3668238623347646	1.4034860527649597
6776	STAT5A	0.787380322544535	0.6501386099699137	0.7876942245155651	0.4084565109654723	0.5589658621354727	0.5658018553373617	0.6217549597752396	0.2770556618300951	0.3829519501853783	0.6424469593680581	0.6288379259049742	0.6170263144971414	0.5620766975350405	0.6768836725690982
6777	STAT5B	1.0951619147650227	0.9881794792890425	0.9611443398383293	1.0150665216208667	0.9130006641873762	0.9939110846849243	0.9629455681176535	0.9734323715254681	0.9009993316147707	0.9132031056440046	0.9295764250505187	0.996102559040915	0.946499021690871	0.6976283436912479
6778	STAT6	1.5642542117278864	1.173118661238659	1.482931736752538	1.249418685777695	1.4727541687992007	1.8435650298320858	1.3145463012614316	1.3046457280108217	1.207700261251279	1.4853744913947124	1.5122491929218078	1.4647312834358188	1.5877350785611581	0.9631779010216865
6794	STK11	0.21031138515602837	0.11039856944422233	0.25987897989479486	0.2163866179059296	0.2098217234463494	0.5668402454536343	0.13471070656373935	0.18241102747862217	0.029728076067202864	0.22344030536363735	0.15558880388779214	0.24310233690637306	0.25146351985061444	-0.004808012032893241
23512	SUZ12	0.482330014257545	0.6798847536798545	0.5532991136817191	0.7832986085055798	0.396636335762862	0.010101421952654302	0.760009915475608	0.6658984424893112	0.7612947702945131	0.04707888176921524	0.3271040287895445	0.44352325732123793	0.4803182744253972	0.8226555169620307
440423	SUZ12P1	-0.6733564126653194	-0.44684486750535846	-0.6016017322369039	-0.3585364592797312	-0.5716029344629369	-0.20785699774016944	-0.1433692739526291	-0.5740268610736408	-0.15378949627130212	-0.9211054625837917	-0.7248097737998265	-0.6834164886163665	-0.16830021408091791	-0.18595643329561226
6850	SYK	1.1203905639511542	0.6006943032794781	1.1684238516515926	1.3484122087308907	0.9808784495983677	1.480238646804097	0.9918410530620665	1.1135710770696958	1.1361767382965005	0.9692994445380565	1.1296140673348567	1.1733405998227542	1.3655329656256054	0.999080532285587
79718	TBL1XR1	1.2206185915152101	1.0940095991012415	1.0256261064874888	1.0112123183769701	1.0952933174567472	0.3133115127178951	1.128513280006794	0.9612226158401704	0.9756436501289494	1.1134270126988353	1.0441824591702702	0.9853818213467572	0.6358407212191944	0.8099082531874617
6929	TCF3	0.29393457579819676	0.5580599155218524	0.46893351321815196	0.2848337172390233	0.07983252185240045	0.3094956217736966	0.03826262750989244	0.19093060954180163	0.2888504738411847	0.19541736241700136	0.008348687213173965	0.1553832478892072	0.3061050532559057	0.08755547951097056
54855	TENT5C	-0.9337983371260065	-0.721712071353176	-0.8626855164797836	-1.2700406446911936	-0.74104909135154	-2.6446926645530007	-0.8151063349999669	-0.3364366800200218	-1.999017530293174	-1.8072887948298852	-1.127598026406409	-0.9818601412516511	-1.9032048003162645	-1.748779183370891
7012	TERC	-1.5123563277200587	-1.307706320955285	-1.485473474530124	-1.4375937249367932	-1.479128567416025	-1.1076900998398433	-1.1289465491353492	-1.7218637054186519	-1.8105280936901809	-1.4961245731959116	-1.6077937975418914	-1.7295761752769871	-1.5529557565867431	-1.6419750233741872
54790	TET2	0.46912138152990895	0.2999025286112029	0.30040504983670396	0.45364891433999743	0.7388995926203824	0.47591492070528446	0.4368314519452638	0.40361928884015674	0.4437654322330784	0.6202469038418014	0.6210948159430801	0.6485692093180906	0.23480629110975554	0.34030397985066163
8563	THOC5	-1.3433465939937466	-1.204553361334511	-1.1756156757054714	-1.4505773438443088	-1.3805281708454231	-1.1727642082101475	-1.2093009919382174	-1.9295950475434045	-1.519342735124707	-1.1971710987503825	-1.4014546603931055	-1.4494261934838135	-1.5066411709436793	-1.6526079373775697
9967	THRAP3	0.4158783341190976	0.5448849389353124	0.6062770253486434	0.4512252012153268	0.3997186959500105	-0.14381622819987266	0.5635978027054471	0.4915316689350156	0.5525603508588861	0.4653322570968961	0.40680675787682813	0.4619320553087318	0.14253401530862464	0.1940460474639394
7097	TLR2	-0.476342529094028	-0.32634436465358885	-0.9116777728158997	-0.7628310350711974	-1.030966920582308	-0.5399470904477237	-0.4207810193330016	-0.7179712705391452	-0.5189569168196658	-0.6925778590024227	-0.18258015580412318	-0.23459114923581212	-0.6902794189514712	-1.1550266844891743
55754	TMEM30A	1.0472192984962085	0.9105384040058796	0.9038602822773556	1.1002007595876282	1.2636360148992971	0.4241376211891579	0.9189324765653926	0.7206019366137921	0.7438298486428968	0.9680883207766823	1.282830271204097	1.1953345070526105	0.5943291989412126	0.4491928298108486
7114	TMSB4X	-1.2829263144535024	-0.9598302147040556	-1.172567653781591	-0.8718517895397636	-1.1017968654525232	-1.2164028272796918	-1.120033098366365	-0.9596350328078397	-0.9652896602902382	-1.1812780442492465	-1.2012965959887194	-1.3034393162514335	-0.8926489312635637	-1.1508634268882163
7127	TNFAIP2	-0.360457286271845	-2.0751316999152136	-0.9970924162566042	-0.4655737354280714	-0.5284656693298057	0.5376504252863339	-0.6029140012866598	-0.6399093738418536	-1.0207473364258963	-0.19532831546542276	-0.2549239161727445	-0.3483470103578359	0.22920481626909925	-0.3960900369865647
7128	TNFAIP3	-0.27598741097983454	-0.07770042526032953	-0.48123483087522867	-0.2854531010002291	-0.05759154940343127	-0.10979858322126383	-0.19516151367359286	-0.16675460861699004	-0.4902641098412191	-0.22023726483917508	0.3280292287297407	-0.022096402911369793	-0.30344945562152376	0.8015905646751691
8764	TNFRSF14	-0.5195349367672345	-0.30948404400397156	-0.4800883296652519	-0.6761527308887457	-0.38815756840775323	0.537197917413438	-1.225625380631194	-0.2640930435279448	-0.34122864421661464	-0.06672741300513028	-0.22321791617806208	-0.5016259028144746	0.17771245809104722	-0.10915975552209586
7157	TP53	0.683728572652828	0.6179226738491509	0.7266656119747469	0.5034187579543116	0.4756067520804638	0.48803401702929494	0.6684852483065271	0.5705235893973205	0.8295942251450592	0.615542656808371	0.5410388599450919	0.5355531370650796	0.544785287285364	-0.14135706084775182
7187	TRAF3	-0.20113389749505045	-0.1763081631331887	-0.27223772855432465	-0.25132166554834223	-0.45670371531457565	-0.06811341023138479	-0.1932084911220771	-0.5312946289328944	-0.3790886610066782	-0.23881396438730415	-0.2946034721341956	-0.3719634225444475	-0.09415302466323862	0.653595214860256
7307	U2AF1	-0.20579782732458965	0.0035593546513988166	-0.12106541191695863	-0.2867205000970043	-0.2503815177239581	-0.5550898296143513	-0.01742408779689584	-0.41486827024412576	-0.3125722508193189	-0.31208107617238307	-0.40499570656333805	-0.49066649835031284	-0.3571265014303846	-0.18208875614065287
102724594	U2AF1L5	-0.20762904728786558	-7.800047342603716e-4	-0.09511899140289719	-0.2836828282988725	-0.24536433017457962	-0.5529582522665906	-0.0034032946076699815	-0.4520932846150749	-0.3052099200465966	-0.31138075418653366	-0.4072714665426944	-0.46506961294048926	-0.3529018751037471	-0.1978517030201318
11338	U2AF2	0.9036512524198141	0.757775830058966	0.9506890581670432	0.9066941955847247	0.7337443819491264	1.0099896092667318	0.6999820740167931	0.7890099142997068	0.9209466624043121	0.6955106858043751	0.7215228673160281	0.6847257402094548	1.0132889959805265	0.8522525919120201
51366	UBR5	1.6112672444091507	1.5083736957263767	1.6448370346513428	1.5482889807353455	1.7285338850578325	1.4537157379257497	1.6000427811695364	1.5316555851355393	1.5695552639013552	1.7053579346716157	1.6516732422720828	1.7426043981255288	1.343553611382284	1.8008124355609587
23326	USP22	-0.7367986843930446	-0.5089427260847145	-0.5451620798355287	-0.8572149028342769	-0.8242234409164452	-1.070184539407894	-0.5122126372159569	-1.337295140215474	-0.9747747278597757	-0.5788376341386129	-0.9469767599210978	-0.9238923516941226	-1.1857288690939132	-0.9301931448890772
7404	UTY	-1.9611176295008739	-1.545026335182398	-2.0437406071447977	-1.5952462166454033	-0.2878358947202389	-0.004490143603699925	-1.501286498428405	-0.6475233900927034	-0.45760821812675573	-0.2736686953204247	-1.872560066800618	-1.8219764059879773	-0.5239612207765182	-0.4040490647569053
7409	VAV1	0.9568034992334505	0.6556032264280279	1.010621235242874	0.9711325876768044	0.8730428035815108	1.3448570052133033	0.6691590672892447	0.8535815435956854	0.9060772960376563	1.026374025724057	0.8568668832931008	0.9593286076607449	1.189802056697269	0.8525137767973027
7490	WT1	-0.12019288884493075	0.38025340613538255	0.06971227726049266	-0.36122992957994504	-0.4027838017616089	-1.7462945404662964	0.18336629443344288	-1.0294279514264952	-1.8035862020536346	-0.9170741787736801	-0.26365021491013046	-0.43505403005033294	-2.1791724226922877	-2.4610697269506785
7514	XPO1	1.7731728276547989	1.737475477554494	1.6730598333589932	1.7266211632933486	1.970952244599237	0.9922858108956364	1.9044238316190498	1.8879491050193953	1.845817392708717	1.4927412331908527	1.6147591573381472	1.5880878359272124	1.387294210503173	1.228246288977484
677	ZFP36L1	-0.6033995176856248	-1.1092208426829249	-1.6311279929606974	-1.1957620156916327	-1.025787795178674	-0.8615954140500913	-1.781949081548476	-0.6496757454163677	-1.6505369300205743	-0.7670937440509538	-0.41757347268276584	-1.548558935347787	-0.8944527324521686	-0.8139928068296745
